rank,name,description,word_count,pageviews_12mo,pct_of_Cat
1,Larry (cat),Chief Mouser to the Cabinet Office since 2011,2282,768195,9.338
2,Keyboard Cat,Internet meme,2008,107044,1.301
3,Félicette,Only cat launched into space,1892,274991,3.343
4,Tama (cat),Calico cat and station master (1999–2015),1835,89626,1.089
5,Think Think and Ah Tsai,Cats belonging to Tsai Ing-wen,1672,0,0.0
6,Homer the Blind Wonder Cat,Eyeless cat and bestselling-memoir subject (1997–2013),1469,5219,0.063
7,Grumpy Cat,Cat and internet meme celebrity (2012–2019),1282,182891,2.223
8,Francine (cat),"Viral cat in Richmond, Virginia",1259,37350,0.454
9,Humphrey (cat),Chief Mouser to the Cabinet Office from 1989 to 1997,1219,65644,0.798
10,Mikan (cat),Cat and station master (born 2020),1202,51735,0.629
11,Unsinkable Sam,Cat who survived three sinking ships,1134,155970,1.896
12,Lil Bub,Internet celebrity cat (2011–2019),1119,61037,0.742
13,Hodge (cat),Samuel Johnson's cat,1100,21026,0.256
14,Tiddles,"Cat at Paddington Station, London",995,10515,0.128
15,Dewey Readmore Books,"Resident cat at the Spencer Public Library in Spencer, Iowa, US",951,15352,0.187
16,"Henri, le Chat Noir",Web series known for its cat protagonist,945,20897,0.254
17,Casper (cat),Cat from Plymouth that commuted by bus,933,14631,0.178
18,Sanjuro (cat),"Japanese cat in Takahashi, Okayama",916,4511,0.055
19,Eros (cat),Stray cat killed by İbrahim Keloğlan,861,5934,0.072
20,Oscar (therapy cat),Cat in Rhode Island,853,0,0.0
21,Lewis (cat),Cat who gained media attention for being placed under house arrest,789,9467,0.115
22,Oscar (bionic cat),Cat with prosthetic feet (2006 or 2007 – 2025),789,35469,0.431
23,Orangey,Cat actor,788,70384,0.856
24,Mrs Chippy,Cat who accompanied Sir Ernest Shackleton's Imperial Trans-Antarctic Expedition,787,30712,0.373
25,Simon (cat),Ship's cat on HMS Amethyst,787,52990,0.644
26,Gladstone (cat),Former Chief Mouser of HM Treasury at Whitehall,786,0,0.0
27,Socks (cat),Cat belonging to Bill Clinton and family,761,91126,1.108
28,Şero,Mascot cat of Turkey's CHP Party,735,8535,0.104
29,Buurtpoes Bledder,Dutch cat (c. 2011–2013),719,2664,0.032
30,Sockington,Domestic cat internet celebrity,690,7166,0.087
31,Olivia Benson (cat),Taylor Swift's cat,688,49201,0.598
32,Jorts (cat),Office pet featured in labor activism,665,30743,0.374
33,Michi (cat),Julian Assange's cat,659,14344,0.174
34,Munich Mouser,Chief Mouser to the Cabinet Office from 1937 to 1943,650,31323,0.381
35,Room 8,"School cat from Echo Park, California, United States",644,40012,0.486
36,Kkongkkong,South Korean cat (born c. 2019),622,26529,0.322
37,Foss (cat),Cat owned by Edward Lear,613,6462,0.079
38,Trim (cat),Cat belonging to explorer Matthew Flinders,612,17688,0.215
39,Tara (cat),Cat from viral video (born 2008),599,0,0.0
40,Nala (cat),Tabby cat in Stevenage railway station (c. 2019 – 2025),588,0,0.0
41,Longjiaosun,Cat and station master,588,11595,0.141
42,Tibs the Great,"British Post Office's ""number one cat""",586,18406,0.224
43,KitKat (cat),Bodega cat killed by a Waymo car in 2025,580,24527,0.298
44,Stubbs (cat),"Honorary mayor of Talkeetna, Alaska (1997–2017)",577,61710,0.75
45,Peter III (cat),Chief Mouser to the Cabinet Office from 1947 to 1964,576,43129,0.524
46,Scarlett (cat),New York stray cat (1995– 2008),571,56011,0.681
47,Crimean Tom,Cat associated with the British Army,553,8069,0.098
48,Dusty the Klepto Kitty,Cat notorious for bringing home stolen items,551,12977,0.158
49,Hamish McHamish,"Ginger cat from St Andrews, Scotland",543,12210,0.148
50,F. D. C. Willard,Cat cited as an author in scientific journals (1968–1982),542,77603,0.943
51,Stepan (cat),Ukrainian cat,542,21861,0.266
52,Maru (cat),Japanese cat and YouTube sensation (2007–2025),527,205173,2.494
53,Beerbohm (cat),Cat that lived at the Gielgud Theatre,523,0,0.0
54,Peta (cat),Chief Mouser to the Cabinet Office from 1964 to 1976,523,37886,0.461
55,Mugi the Cat,Japanese singer-songwriter (born 1997),519,1611,0.02
56,Tsim Tung Brother Cream,British Shorthair cat (2005–2020),512,4717,0.057
57,Hank the Cat,Maine Coon cat who ran for the United States Senate in 2012,511,8299,0.101
58,Ure mummified cat's head,Egyptian animal mummy,509,2108,0.026
59,Wilberforce (cat),"Chief Mouser to the Cabinet Office, 1973 to 1987",503,47443,0.577
60,Mike (cat),British Museum 'guardian' cat (1908–1929),502,24180,0.294
61,Freya (cat),Chief Mouser to the Cabinet Office from 2012 to 2014,469,110008,1.337
62,Nelson (cat),Chief Mouser to the Cabinet Office in the 1940s,463,34476,0.419
63,Polleke (cat),15th-century Dutch mummified cat,462,9948,0.121
64,Bobby Kertanegara,Pet cat owned by the Djojohadikusumo family,462,21020,0.256
65,Jones (fictional cat),Alien franchise character,451,78676,0.956
66,Sybil (cat),Chief Mouser to the Cabinet Office from 2007 to 2008,448,94180,1.145
67,Pot Roast (cat),Viral TikTok cat (2014–2022),446,0,0.0
68,Fred the Undercover Kitty,Domestic shorthaired cat,443,0,0.0
69,India (cat),Cat owned by US presidential Bush family,415,40460,0.492
70,Frank and Louie,World's oldest diprosopus cat (1999–2014),406,52088,0.633
71,Gli,"Cat in Hagia Sophia, Istanbul",406,54002,0.656
72,Simpkin (cat),Resident cat at the University of Oxford,395,4619,0.056
73,Pizza Cat,Cat living in Al Udeid Air Base,392,5142,0.063
74,Catmando,"British cat, satirical party joint leader (1995–2002)",391,26235,0.319
75,Browser (cat),"Library cat in White Settlement, Texas, United States",380,97118,1.18
76,Meow (cat),Cat known for obesity (c. 2010–2012),377,31083,0.378
77,Willow (cat),Pet cat owned by the Biden family,374,0,0.0
78,Palmerston (cat),Cat owned by the UK's Foreign & Commonwealth Office (2014–2026),373,0,0.0
79,Stewie (cat),World's longest cat ever (c. 2005 – 2013),372,18380,0.223
80,Mittens (cat),Cat and local celebrity,364,15419,0.187
81,Dorofei,Cat who belonged to former Russian President Dmitry Medvedev,364,4359,0.053
82,Morris the Cat,Advertising mascot for cat food,362,45917,0.558
83,PepitoTheCat,Automated Twitter account,359,6031,0.073
84,Gacek,Famous cat in Poland,358,35342,0.43
85,Billi (cat),Feline research subject,347,7936,0.096
86,Peter II (cat),Chief Mouser to the Cabinet Office from 1946 to 1947,345,31088,0.378
87,Tombili,"Famous cat from Istanbul, Turkey",338,0,0.0
88,Musashi's,Japanese musical group of five cats,333,2445,0.03
89,Flossie (cat),Oldest living cat (born 1995),332,147946,1.798
90,Choupette,Pet cat of Karl Lagerfeld,324,62388,0.758
91,Cheeto (cat),Tabby cat living at UC Davis,323,5302,0.064
92,Elsie (cat),Feline communication subject,312,774,0.009
93,Chmonya,Internet meme,308,0,0.0
94,Prince Chunk,"Domestic shorthair cat, known for his heavy weight",298,9137,0.111
95,Little Nicky (cat),First commercially produced clone of a cat,297,10532,0.128
96,Peter (chief mouser),"Chief Mouser to the Cabinet Office, 1929 to 1946",273,35870,0.436
97,Mr. Nuts,Tuxedo cat said to predict contest losers,272,1508,0.018
98,Ithaca Kitty,Popular US stuffed toy introduced in 1892,269,13986,0.17
99,Scarlett's Magic,Former world's tallest domestic cat (Savannah),269,3950,0.048
100,Winnie (feline),Supposed big cat sighted in the Veluwe region of the Netherlands,263,1799,0.022
101,Colonel Meow,American Himalayan-Persian crossbread cat (2011-2014),249,15634,0.19
102,CC (cat),Cloned cat,248,34804,0.423
103,Longcat,Domestic cat (2002–2020),242,81010,0.985
104,Creme Puff (cat),Oldest known cat (1967–2005),236,381032,4.632
105,Nora (cat),Cat known for playing piano,234,22569,0.274
106,Luna the Fashion Kitty,Himalayan cat and internet celebrity,232,2796,0.034
107,Smudge (People's Palace cat),"Cat at the People's Palace museum, Glasgow",230,8761,0.106
108,Venus (cat),American tortoiseshell cat (born 2009),218,11413,0.139
109,Lord Tubbington,Bengal cat known for role on the television series Glee,216,1044,0.013
110,Rusik,Russian police sniffer cat,205,12429,0.151
111,Micka (cat),Cat owned by Petr Pavel,195,8927,0.109
112,Tuxedo Stan,"Cat who ""ran for mayor"" in Halifax, Nova Scotia",190,15832,0.192
113,Paddles (cat),Pet owned by Jacinda Ardern (2016–2017),173,0,0.0
114,Peter (Lord's cat),Cat at Lord's Cricket Ground in London,150,1925,0.023
115,Chico (cat),Narrator of an authorized biography of Pope Benedict XVI,131,1974,0.024
116,Rufus of England,Chief Mouser to the Cabinet Office in 1924,127,34509,0.419
